training X, file name
X0, tracks_000.csv
X1, tracks_000.csv
X2, tracks_000.csv
X3, tracks_000.csv
X4, tracks_000.csv
X5, tracks_000.csv
X6, tracks_000.csv
X7, tracks_000.csv
X8, tracks_000.csv
X9, tracks_000.csv
X10, tracks_000.csv
X11, tracks_000.csv
X12, tracks_000.csv
X13, tracks_000.csv
X14, tracks_000.csv
X15, tracks_000.csv
X16, tracks_000.csv
X17, tracks_000.csv
X18, tracks_000.csv
X19, tracks_000.csv
X20, tracks_000.csv
X21, tracks_000.csv
X22, tracks_000.csv
X23, tracks_000.csv
X24, tracks_000.csv
X25, tracks_000.csv
X26, tracks_000.csv
X27, tracks_000.csv
X28, tracks_000.csv
X29, tracks_000.csv
X30, tracks_000.csv
X31, tracks_000.csv
X32, tracks_000.csv
X33, tracks_000.csv
X34, tracks_000.csv
X35, tracks_000.csv
X36, tracks_000.csv
X37, tracks_000.csv
X38, tracks_000.csv
X39, tracks_000.csv
X40, tracks_000.csv
X41, tracks_000.csv
X42, tracks_000.csv
X43, tracks_000.csv
X44, tracks_000.csv
X45, tracks_000.csv
X46, tracks_000.csv
X47, tracks_000.csv
X48, tracks_000.csv
X49, tracks_000.csv
X50, tracks_000.csv
X51, tracks_000.csv
X52, tracks_000.csv
X53, tracks_000.csv
X54, tracks_000.csv
X55, tracks_000.csv
X56, tracks_000.csv
X57, tracks_000.csv
X58, tracks_000.csv
X59, tracks_000.csv
X60, tracks_000.csv
X61, tracks_000.csv
X62, tracks_000.csv
X63, tracks_000.csv
X64, tracks_000.csv
X65, tracks_000.csv
X66, tracks_000.csv
X67, tracks_000.csv
X68, tracks_000.csv
X69, tracks_000.csv
X70, tracks_000.csv
X71, tracks_000.csv
X72, tracks_000.csv
X73, tracks_000.csv
X74, tracks_000.csv
X75, tracks_000.csv
X76, tracks_000.csv
X77, tracks_000.csv
X78, tracks_000.csv
X79, tracks_000.csv
X80, tracks_000.csv
X81, tracks_000.csv
X82, tracks_000.csv
X83, tracks_000.csv
X84, tracks_000.csv
X85, tracks_000.csv
X86, tracks_000.csv
X87, tracks_000.csv
X88, tracks_000.csv
X89, tracks_000.csv
X90, tracks_000.csv
X91, tracks_000.csv
X92, tracks_000.csv
X93, tracks_000.csv
X94, tracks_000.csv
X95, tracks_000.csv
X96, tracks_000.csv
X97, tracks_000.csv
X98, tracks_000.csv
X99, tracks_000.csv
X100, tracks_000.csv
X101, tracks_000.csv
X102, tracks_000.csv
X103, tracks_000.csv
X104, tracks_000.csv
X105, tracks_000.csv
X106, tracks_000.csv
X107, tracks_000.csv
X108, tracks_000.csv
X109, tracks_000.csv
X110, tracks_000.csv
X111, tracks_000.csv
X112, tracks_000.csv
X113, tracks_000.csv
X114, tracks_000.csv
X115, tracks_000.csv
X116, tracks_000.csv
X117, tracks_000.csv
X118, tracks_000.csv
X119, tracks_000.csv
X120, tracks_000.csv
X121, tracks_000.csv
X122, tracks_000.csv
X123, tracks_000.csv
X124, tracks_000.csv
X125, tracks_000.csv
X126, tracks_000.csv
X127, tracks_000.csv
X128, tracks_000.csv
X129, tracks_000.csv
X130, tracks_000.csv
X131, tracks_000.csv
X132, tracks_000.csv
X133, tracks_000.csv
X134, tracks_000.csv
X135, tracks_000.csv
X136, tracks_000.csv
X137, tracks_000.csv
X138, tracks_000.csv
X139, tracks_000.csv
X140, tracks_000.csv
X141, tracks_000.csv
X142, tracks_000.csv
X143, tracks_000.csv
X144, tracks_000.csv
X145, tracks_000.csv
X146, tracks_000.csv
X147, tracks_000.csv
X148, tracks_000.csv
X149, tracks_000.csv
X150, tracks_000.csv
X151, tracks_000.csv
X152, tracks_001.csv
X153, tracks_001.csv
X154, tracks_001.csv
X155, tracks_001.csv
X156, tracks_001.csv
X157, tracks_001.csv
X158, tracks_001.csv
X159, tracks_001.csv
X160, tracks_001.csv
X161, tracks_001.csv
X162, tracks_001.csv
X163, tracks_001.csv
X164, tracks_001.csv
X165, tracks_001.csv
X166, tracks_001.csv
X167, tracks_001.csv
X168, tracks_001.csv
X169, tracks_001.csv
X170, tracks_001.csv
X171, tracks_001.csv
X172, tracks_001.csv
X173, tracks_001.csv
X174, tracks_001.csv
X175, tracks_001.csv
X176, tracks_001.csv
X177, tracks_001.csv
X178, tracks_001.csv
X179, tracks_001.csv
X180, tracks_001.csv
X181, tracks_001.csv
X182, tracks_001.csv
X183, tracks_001.csv
X184, tracks_001.csv
X185, tracks_001.csv
X186, tracks_001.csv
X187, tracks_001.csv
X188, tracks_001.csv
X189, tracks_001.csv
X190, tracks_001.csv
X191, tracks_001.csv
X192, tracks_001.csv
X193, tracks_001.csv
X194, tracks_001.csv
X195, tracks_001.csv
X196, tracks_001.csv
X197, tracks_001.csv
X198, tracks_001.csv
X199, tracks_001.csv
X200, tracks_001.csv
X201, tracks_001.csv
X202, tracks_001.csv
X203, tracks_001.csv
X204, tracks_001.csv
X205, tracks_001.csv
X206, tracks_001.csv
X207, tracks_001.csv
X208, tracks_001.csv
X209, tracks_001.csv
X210, tracks_001.csv
X211, tracks_001.csv
X212, tracks_001.csv
X213, tracks_001.csv
X214, tracks_001.csv
X215, tracks_001.csv
X216, tracks_001.csv
X217, tracks_001.csv
X218, tracks_001.csv
X219, tracks_001.csv
X220, tracks_001.csv
X221, tracks_001.csv
X222, tracks_001.csv
X223, tracks_001.csv
X224, tracks_001.csv
X225, tracks_001.csv
X226, tracks_001.csv
X227, tracks_001.csv
X228, tracks_001.csv
X229, tracks_001.csv
X230, tracks_001.csv
X231, tracks_001.csv
X232, tracks_001.csv
X233, tracks_001.csv
X234, tracks_001.csv
X235, tracks_001.csv
X236, tracks_001.csv
X237, tracks_001.csv
X238, tracks_001.csv
X239, tracks_001.csv
X240, tracks_001.csv
X241, tracks_001.csv
X242, tracks_001.csv
X243, tracks_001.csv
X244, tracks_001.csv
X245, tracks_001.csv
X246, tracks_001.csv
X247, tracks_001.csv
X248, tracks_001.csv
X249, tracks_001.csv
X250, tracks_001.csv
X251, tracks_001.csv
X252, tracks_001.csv
X253, tracks_001.csv
X254, tracks_001.csv
X255, tracks_001.csv
X256, tracks_001.csv
X257, tracks_001.csv
X258, tracks_001.csv
X259, tracks_001.csv
X260, tracks_001.csv
X261, tracks_001.csv
X262, tracks_001.csv
X263, tracks_001.csv
X264, tracks_001.csv
X265, tracks_001.csv
X266, tracks_001.csv
X267, tracks_001.csv
X268, tracks_001.csv
X269, tracks_001.csv
X270, tracks_001.csv
X271, tracks_001.csv
X272, tracks_001.csv
X273, tracks_001.csv
X274, tracks_001.csv
X275, tracks_001.csv
X276, tracks_001.csv
X277, tracks_001.csv
X278, tracks_001.csv
X279, tracks_001.csv
X280, tracks_001.csv
X281, tracks_001.csv
X282, tracks_001.csv
X283, tracks_001.csv
X284, tracks_001.csv
X285, tracks_001.csv
X286, tracks_001.csv
X287, tracks_001.csv
X288, tracks_001.csv
X289, tracks_001.csv
X290, tracks_001.csv
X291, tracks_001.csv
X292, tracks_001.csv
X293, tracks_001.csv
X294, tracks_001.csv
X295, tracks_001.csv
X296, tracks_001.csv
X297, tracks_001.csv
X298, tracks_001.csv
X299, tracks_001.csv
X300, tracks_001.csv
X301, tracks_001.csv
X302, tracks_001.csv
X303, tracks_001.csv
X304, tracks_001.csv
X305, tracks_001.csv
X306, tracks_001.csv
X307, tracks_001.csv
X308, tracks_001.csv
X309, tracks_001.csv
X310, tracks_001.csv
X311, tracks_001.csv
X312, tracks_001.csv
X313, tracks_001.csv
X314, tracks_001.csv
X315, tracks_001.csv
X316, tracks_001.csv
X317, tracks_001.csv
X318, tracks_001.csv
X319, tracks_001.csv
X320, tracks_001.csv
X321, tracks_001.csv
X322, tracks_001.csv
X323, tracks_001.csv
X324, tracks_001.csv
X325, tracks_001.csv
X326, tracks_001.csv
X327, tracks_001.csv
X328, tracks_001.csv
X329, tracks_001.csv
X330, tracks_001.csv
X331, tracks_001.csv
X332, tracks_001.csv
X333, tracks_002.csv
X334, tracks_002.csv
X335, tracks_002.csv
X336, tracks_002.csv
X337, tracks_002.csv
X338, tracks_002.csv
X339, tracks_002.csv
X340, tracks_002.csv
X341, tracks_002.csv
X342, tracks_002.csv
X343, tracks_002.csv
X344, tracks_002.csv
X345, tracks_002.csv
X346, tracks_002.csv
X347, tracks_002.csv
X348, tracks_002.csv
X349, tracks_002.csv
X350, tracks_002.csv
X351, tracks_002.csv
X352, tracks_002.csv
X353, tracks_002.csv
X354, tracks_002.csv
X355, tracks_002.csv
X356, tracks_002.csv
X357, tracks_002.csv
X358, tracks_002.csv
X359, tracks_002.csv
X360, tracks_002.csv
X361, tracks_002.csv
X362, tracks_002.csv
X363, tracks_002.csv
X364, tracks_002.csv
X365, tracks_002.csv
X366, tracks_002.csv
X367, tracks_002.csv
X368, tracks_002.csv
X369, tracks_002.csv
X370, tracks_002.csv
X371, tracks_002.csv
X372, tracks_002.csv
X373, tracks_002.csv
X374, tracks_002.csv
X375, tracks_002.csv
X376, tracks_002.csv
X377, tracks_002.csv
X378, tracks_002.csv
X379, tracks_002.csv
X380, tracks_002.csv
X381, tracks_002.csv
X382, tracks_002.csv
X383, tracks_002.csv
X384, tracks_002.csv
X385, tracks_002.csv
X386, tracks_002.csv
X387, tracks_002.csv
X388, tracks_002.csv
X389, tracks_002.csv
X390, tracks_002.csv
X391, tracks_002.csv
X392, tracks_002.csv
X393, tracks_002.csv
X394, tracks_002.csv
X395, tracks_002.csv
X396, tracks_002.csv
X397, tracks_002.csv
X398, tracks_002.csv
X399, tracks_002.csv
X400, tracks_002.csv
X401, tracks_002.csv
X402, tracks_002.csv
X403, tracks_002.csv
X404, tracks_002.csv
X405, tracks_002.csv
X406, tracks_002.csv
X407, tracks_002.csv
X408, tracks_002.csv
X409, tracks_002.csv
X410, tracks_002.csv
X411, tracks_002.csv
X412, tracks_002.csv
X413, tracks_002.csv
X414, tracks_002.csv
X415, tracks_002.csv
X416, tracks_002.csv
X417, tracks_002.csv
X418, tracks_002.csv
X419, tracks_002.csv
X420, tracks_002.csv
X421, tracks_002.csv
X422, tracks_002.csv
X423, tracks_002.csv
X424, tracks_002.csv
X425, tracks_002.csv
X426, tracks_002.csv
X427, tracks_002.csv
X428, tracks_002.csv
X429, tracks_002.csv
X430, tracks_002.csv
X431, tracks_002.csv
X432, tracks_002.csv
X433, tracks_002.csv
X434, tracks_002.csv
X435, tracks_002.csv
X436, tracks_002.csv
X437, tracks_002.csv
X438, tracks_002.csv
X439, tracks_002.csv
X440, tracks_002.csv
X441, tracks_002.csv
X442, tracks_002.csv
X443, tracks_002.csv
X444, tracks_002.csv
X445, tracks_002.csv
X446, tracks_002.csv
X447, tracks_002.csv
X448, tracks_002.csv
X449, tracks_002.csv
X450, tracks_002.csv
X451, tracks_002.csv
X452, tracks_002.csv
X453, tracks_002.csv
X454, tracks_002.csv
X455, tracks_002.csv
X456, tracks_002.csv
X457, tracks_002.csv
X458, tracks_002.csv
X459, tracks_002.csv
X460, tracks_002.csv
X461, tracks_002.csv
X462, tracks_002.csv
X463, tracks_002.csv
X464, tracks_002.csv
X465, tracks_002.csv
X466, tracks_002.csv
X467, tracks_002.csv
X468, tracks_002.csv
X469, tracks_002.csv
X470, tracks_002.csv
X471, tracks_002.csv
X472, tracks_002.csv
X473, tracks_002.csv
X474, tracks_002.csv
X475, tracks_002.csv
X476, tracks_002.csv
X477, tracks_002.csv
X478, tracks_002.csv
X479, tracks_002.csv
X480, tracks_002.csv
X481, tracks_002.csv
X482, tracks_002.csv
X483, tracks_002.csv
X484, tracks_002.csv
X485, tracks_002.csv
X486, tracks_002.csv
X487, tracks_002.csv
X488, tracks_002.csv
X489, tracks_002.csv
X490, tracks_002.csv
X491, tracks_002.csv
X492, tracks_002.csv
X493, tracks_003.csv
X494, tracks_003.csv
X495, tracks_003.csv
X496, tracks_003.csv
X497, tracks_003.csv
X498, tracks_003.csv
X499, tracks_003.csv
X500, tracks_003.csv
X501, tracks_003.csv
X502, tracks_003.csv
X503, tracks_003.csv
X504, tracks_003.csv
X505, tracks_003.csv
X506, tracks_003.csv
X507, tracks_003.csv
X508, tracks_003.csv
X509, tracks_003.csv
X510, tracks_003.csv
X511, tracks_003.csv
X512, tracks_003.csv
X513, tracks_003.csv
X514, tracks_003.csv
X515, tracks_003.csv
X516, tracks_003.csv
X517, tracks_003.csv
X518, tracks_003.csv
X519, tracks_003.csv
X520, tracks_003.csv
X521, tracks_003.csv
X522, tracks_003.csv
X523, tracks_003.csv
X524, tracks_003.csv
X525, tracks_003.csv
X526, tracks_003.csv
X527, tracks_003.csv
X528, tracks_003.csv
X529, tracks_003.csv
X530, tracks_003.csv
X531, tracks_003.csv
X532, tracks_003.csv
X533, tracks_003.csv
X534, tracks_003.csv
X535, tracks_003.csv
X536, tracks_003.csv
X537, tracks_003.csv
X538, tracks_003.csv
X539, tracks_003.csv
X540, tracks_003.csv
X541, tracks_003.csv
X542, tracks_003.csv
X543, tracks_003.csv
X544, tracks_003.csv
X545, tracks_003.csv
X546, tracks_003.csv
X547, tracks_003.csv
X548, tracks_003.csv
X549, tracks_003.csv
X550, tracks_003.csv
X551, tracks_003.csv
X552, tracks_003.csv
X553, tracks_003.csv
X554, tracks_003.csv
X555, tracks_003.csv
X556, tracks_003.csv
X557, tracks_003.csv
X558, tracks_003.csv
X559, tracks_003.csv
X560, tracks_003.csv
X561, tracks_003.csv
X562, tracks_003.csv
X563, tracks_003.csv
X564, tracks_003.csv
X565, tracks_003.csv
X566, tracks_003.csv
X567, tracks_003.csv
X568, tracks_003.csv
X569, tracks_003.csv
X570, tracks_003.csv
X571, tracks_003.csv
X572, tracks_003.csv
X573, tracks_003.csv
X574, tracks_003.csv
X575, tracks_003.csv
X576, tracks_003.csv
X577, tracks_003.csv
X578, tracks_003.csv
X579, tracks_003.csv
X580, tracks_003.csv
X581, tracks_003.csv
X582, tracks_003.csv
X583, tracks_003.csv
X584, tracks_003.csv
X585, tracks_003.csv
X586, tracks_003.csv
X587, tracks_003.csv
X588, tracks_003.csv
X589, tracks_003.csv
X590, tracks_003.csv
X591, tracks_003.csv
X592, tracks_003.csv
X593, tracks_003.csv
X594, tracks_003.csv
X595, tracks_003.csv
X596, tracks_003.csv
X597, tracks_003.csv
X598, tracks_003.csv
X599, tracks_003.csv
X600, tracks_003.csv
X601, tracks_003.csv
X602, tracks_003.csv
X603, tracks_003.csv
X604, tracks_003.csv
X605, tracks_003.csv
X606, tracks_003.csv
X607, tracks_003.csv
X608, tracks_003.csv
X609, tracks_003.csv
X610, tracks_003.csv
X611, tracks_003.csv
X612, tracks_003.csv
X613, tracks_003.csv
X614, tracks_003.csv
X615, tracks_003.csv
X616, tracks_003.csv
X617, tracks_003.csv
X618, tracks_003.csv
X619, tracks_003.csv
X620, tracks_003.csv
X621, tracks_003.csv
X622, tracks_003.csv
X623, tracks_003.csv
X624, tracks_003.csv
X625, tracks_003.csv
X626, tracks_003.csv
X627, tracks_003.csv
X628, tracks_003.csv
X629, tracks_003.csv
X630, tracks_003.csv
X631, tracks_003.csv
X632, tracks_003.csv
X633, tracks_003.csv
X634, tracks_003.csv
X635, tracks_003.csv
X636, tracks_003.csv
X637, tracks_003.csv
X638, tracks_003.csv
X639, tracks_003.csv
X640, tracks_005.csv
X641, tracks_005.csv
X642, tracks_005.csv
X643, tracks_005.csv
X644, tracks_005.csv
X645, tracks_005.csv
X646, tracks_005.csv
X647, tracks_005.csv
X648, tracks_005.csv
X649, tracks_005.csv
X650, tracks_005.csv
X651, tracks_005.csv
X652, tracks_005.csv
X653, tracks_005.csv
X654, tracks_005.csv
X655, tracks_005.csv
X656, tracks_005.csv
X657, tracks_005.csv
X658, tracks_005.csv
X659, tracks_005.csv
X660, tracks_005.csv
X661, tracks_005.csv
X662, tracks_005.csv
X663, tracks_005.csv
X664, tracks_005.csv
X665, tracks_005.csv
X666, tracks_005.csv
X667, tracks_005.csv
X668, tracks_005.csv
X669, tracks_005.csv
X670, tracks_005.csv
X671, tracks_005.csv
X672, tracks_005.csv
X673, tracks_005.csv
X674, tracks_005.csv
X675, tracks_005.csv
X676, tracks_005.csv
X677, tracks_005.csv
X678, tracks_005.csv
X679, tracks_005.csv
X680, tracks_005.csv
X681, tracks_005.csv
X682, tracks_005.csv
X683, tracks_005.csv
X684, tracks_005.csv
X685, tracks_005.csv
X686, tracks_005.csv
X687, tracks_005.csv
X688, tracks_005.csv
X689, tracks_005.csv
X690, tracks_005.csv
X691, tracks_005.csv
X692, tracks_005.csv
X693, tracks_005.csv
X694, tracks_005.csv
X695, tracks_005.csv
X696, tracks_005.csv
X697, tracks_005.csv
X698, tracks_005.csv
X699, tracks_005.csv
X700, tracks_005.csv
X701, tracks_005.csv
X702, tracks_005.csv
X703, tracks_005.csv
X704, tracks_005.csv
X705, tracks_005.csv
X706, tracks_005.csv
X707, tracks_005.csv
X708, tracks_005.csv
X709, tracks_005.csv
X710, tracks_005.csv
X711, tracks_005.csv
X712, tracks_005.csv
X713, tracks_005.csv
X714, tracks_005.csv
X715, tracks_005.csv
X716, tracks_005.csv
X717, tracks_005.csv
X718, tracks_005.csv
X719, tracks_005.csv
X720, tracks_005.csv
X721, tracks_005.csv
X722, tracks_005.csv
X723, tracks_005.csv
X724, tracks_005.csv
X725, tracks_005.csv
X726, tracks_005.csv
X727, tracks_005.csv
X728, tracks_005.csv
X729, tracks_005.csv
X730, tracks_005.csv
X731, tracks_005.csv
X732, tracks_005.csv
X733, tracks_005.csv
X734, tracks_005.csv
X735, tracks_005.csv
X736, tracks_005.csv
X737, tracks_005.csv
X738, tracks_005.csv
X739, tracks_005.csv
X740, tracks_005.csv
X741, tracks_005.csv
X742, tracks_005.csv
X743, tracks_005.csv
X744, tracks_005.csv
X745, tracks_005.csv
X746, tracks_005.csv
X747, tracks_005.csv
X748, tracks_005.csv
X749, tracks_005.csv
X750, tracks_005.csv
X751, tracks_005.csv
X752, tracks_005.csv
X753, tracks_005.csv
X754, tracks_005.csv
X755, tracks_005.csv
X756, tracks_005.csv
X757, tracks_005.csv
X758, tracks_005.csv
X759, tracks_005.csv
X760, tracks_005.csv
X761, tracks_005.csv
X762, tracks_005.csv
X763, tracks_005.csv
X764, tracks_005.csv
X765, tracks_005.csv
X766, tracks_005.csv
X767, tracks_005.csv
X768, tracks_005.csv
X769, tracks_005.csv
X770, tracks_005.csv
X771, tracks_005.csv
X772, tracks_005.csv
X773, tracks_005.csv
X774, tracks_005.csv
X775, tracks_005.csv
X776, tracks_005.csv
X777, tracks_006.csv
X778, tracks_006.csv
X779, tracks_006.csv
X780, tracks_006.csv
X781, tracks_006.csv
X782, tracks_006.csv
X783, tracks_006.csv
X784, tracks_006.csv
X785, tracks_006.csv
X786, tracks_006.csv
X787, tracks_006.csv
X788, tracks_006.csv
X789, tracks_006.csv
X790, tracks_006.csv
X791, tracks_006.csv
X792, tracks_006.csv
X793, tracks_006.csv
X794, tracks_006.csv
X795, tracks_006.csv
X796, tracks_006.csv
X797, tracks_006.csv
X798, tracks_006.csv
X799, tracks_006.csv
X800, tracks_006.csv
X801, tracks_006.csv
X802, tracks_006.csv
X803, tracks_006.csv
X804, tracks_006.csv
X805, tracks_006.csv
X806, tracks_006.csv
X807, tracks_006.csv
X808, tracks_006.csv
X809, tracks_006.csv
X810, tracks_006.csv
X811, tracks_006.csv
X812, tracks_006.csv
X813, tracks_006.csv
X814, tracks_006.csv
X815, tracks_006.csv
X816, tracks_006.csv
X817, tracks_006.csv
X818, tracks_006.csv
X819, tracks_006.csv
X820, tracks_006.csv
X821, tracks_006.csv
X822, tracks_006.csv
X823, tracks_006.csv
X824, tracks_006.csv
X825, tracks_006.csv
X826, tracks_006.csv
X827, tracks_006.csv
X828, tracks_006.csv
X829, tracks_006.csv
X830, tracks_006.csv
X831, tracks_006.csv
X832, tracks_006.csv
X833, tracks_006.csv
X834, tracks_006.csv
X835, tracks_006.csv
X836, tracks_006.csv
X837, tracks_006.csv
X838, tracks_006.csv
X839, tracks_006.csv
X840, tracks_006.csv
X841, tracks_006.csv
X842, tracks_006.csv
X843, tracks_006.csv
X844, tracks_006.csv
X845, tracks_006.csv
X846, tracks_006.csv
X847, tracks_006.csv
X848, tracks_006.csv
X849, tracks_006.csv
X850, tracks_006.csv
X851, tracks_006.csv
X852, tracks_006.csv
X853, tracks_006.csv
X854, tracks_006.csv
X855, tracks_006.csv
X856, tracks_006.csv
X857, tracks_006.csv
X858, tracks_006.csv
X859, tracks_006.csv
X860, tracks_006.csv
X861, tracks_006.csv
X862, tracks_006.csv
X863, tracks_006.csv
X864, tracks_006.csv
X865, tracks_006.csv
X866, tracks_006.csv
X867, tracks_006.csv
X868, tracks_006.csv
X869, tracks_006.csv
X870, tracks_006.csv
X871, tracks_006.csv
X872, tracks_006.csv
X873, tracks_006.csv
X874, tracks_006.csv
X875, tracks_006.csv
X876, tracks_006.csv
X877, tracks_006.csv
X878, tracks_006.csv
X879, tracks_006.csv
X880, tracks_006.csv
X881, tracks_006.csv
X882, tracks_006.csv
X883, tracks_006.csv
X884, tracks_006.csv
X885, tracks_006.csv
X886, tracks_006.csv
X887, tracks_006.csv
X888, tracks_006.csv
X889, tracks_006.csv
X890, tracks_007.csv
X891, tracks_007.csv
X892, tracks_007.csv
X893, tracks_007.csv
X894, tracks_007.csv
X895, tracks_007.csv
X896, tracks_007.csv
X897, tracks_007.csv
X898, tracks_007.csv
X899, tracks_007.csv
X900, tracks_007.csv
X901, tracks_007.csv
X902, tracks_007.csv
X903, tracks_007.csv
X904, tracks_007.csv
X905, tracks_007.csv
X906, tracks_007.csv
X907, tracks_007.csv
X908, tracks_007.csv
X909, tracks_007.csv
X910, tracks_007.csv
X911, tracks_007.csv
X912, tracks_007.csv
X913, tracks_007.csv
X914, tracks_007.csv
X915, tracks_007.csv
X916, tracks_007.csv
X917, tracks_007.csv
X918, tracks_007.csv
X919, tracks_007.csv
X920, tracks_007.csv
X921, tracks_007.csv
X922, tracks_007.csv
X923, tracks_007.csv
X924, tracks_007.csv
X925, tracks_007.csv
X926, tracks_007.csv
X927, tracks_007.csv
X928, tracks_007.csv
X929, tracks_007.csv
X930, tracks_007.csv
X931, tracks_007.csv
X932, tracks_007.csv
X933, tracks_007.csv
X934, tracks_007.csv
X935, tracks_007.csv
X936, tracks_007.csv
X937, tracks_007.csv
X938, tracks_007.csv
X939, tracks_007.csv
X940, tracks_007.csv
X941, tracks_007.csv
X942, tracks_007.csv
X943, tracks_007.csv
X944, tracks_007.csv
X945, tracks_007.csv
X946, tracks_007.csv
X947, tracks_007.csv
X948, tracks_007.csv
X949, tracks_007.csv
X950, tracks_007.csv
X951, tracks_007.csv
X952, tracks_007.csv
X953, tracks_007.csv
X954, tracks_007.csv
X955, tracks_007.csv
X956, tracks_007.csv
X957, tracks_007.csv
X958, tracks_007.csv
X959, tracks_007.csv
X960, tracks_007.csv
X961, tracks_007.csv
X962, tracks_007.csv
X963, tracks_007.csv
X964, tracks_007.csv
X965, tracks_007.csv
X966, tracks_007.csv
X967, tracks_007.csv
X968, tracks_007.csv
X969, tracks_007.csv
X970, tracks_007.csv
X971, tracks_007.csv
X972, tracks_007.csv
X973, tracks_007.csv
X974, tracks_007.csv
X975, tracks_007.csv
X976, tracks_007.csv
X977, tracks_007.csv
X978, tracks_007.csv
X979, tracks_007.csv
X980, tracks_007.csv
X981, tracks_007.csv
X982, tracks_007.csv
X983, tracks_007.csv
X984, tracks_007.csv
X985, tracks_007.csv
X986, tracks_007.csv
X987, tracks_007.csv
X988, tracks_007.csv
X989, tracks_007.csv
X990, tracks_007.csv
X991, tracks_007.csv
X992, tracks_007.csv
X993, tracks_007.csv
X994, tracks_007.csv
X995, tracks_007.csv
X996, tracks_007.csv
X997, tracks_007.csv
X998, tracks_007.csv
X999, tracks_007.csv
X1000, tracks_007.csv
X1001, tracks_007.csv
X1002, tracks_007.csv
X1003, tracks_007.csv
X1004, tracks_007.csv
X1005, tracks_007.csv
X1006, tracks_007.csv
X1007, tracks_007.csv
X1008, tracks_007.csv
X1009, tracks_007.csv
X1010, tracks_007.csv
X1011, tracks_007.csv
X1012, tracks_007.csv
X1013, tracks_007.csv
X1014, tracks_007.csv
X1015, tracks_007.csv
X1016, tracks_008.csv
X1017, tracks_008.csv
X1018, tracks_008.csv
X1019, tracks_008.csv
X1020, tracks_008.csv
X1021, tracks_008.csv
X1022, tracks_008.csv
X1023, tracks_008.csv
X1024, tracks_008.csv
X1025, tracks_008.csv
X1026, tracks_008.csv
X1027, tracks_008.csv
X1028, tracks_008.csv
X1029, tracks_008.csv
X1030, tracks_008.csv
X1031, tracks_008.csv
X1032, tracks_008.csv
X1033, tracks_008.csv
X1034, tracks_008.csv
X1035, tracks_008.csv
X1036, tracks_008.csv
X1037, tracks_008.csv
X1038, tracks_008.csv
X1039, tracks_008.csv
X1040, tracks_008.csv
X1041, tracks_008.csv
X1042, tracks_008.csv
X1043, tracks_008.csv
X1044, tracks_008.csv
X1045, tracks_008.csv
X1046, tracks_008.csv
X1047, tracks_008.csv
X1048, tracks_008.csv
X1049, tracks_008.csv
X1050, tracks_008.csv
X1051, tracks_008.csv
X1052, tracks_008.csv
X1053, tracks_008.csv
X1054, tracks_008.csv
X1055, tracks_008.csv
X1056, tracks_008.csv
X1057, tracks_008.csv
X1058, tracks_008.csv
X1059, tracks_008.csv
X1060, tracks_008.csv
X1061, tracks_008.csv
X1062, tracks_008.csv
X1063, tracks_008.csv
X1064, tracks_008.csv
X1065, tracks_008.csv
X1066, tracks_008.csv
X1067, tracks_008.csv
X1068, tracks_008.csv
X1069, tracks_008.csv
X1070, tracks_008.csv
X1071, tracks_008.csv
X1072, tracks_008.csv
X1073, tracks_008.csv
X1074, tracks_008.csv
X1075, tracks_008.csv
X1076, tracks_008.csv
X1077, tracks_008.csv
X1078, tracks_008.csv
X1079, tracks_008.csv
X1080, tracks_008.csv
X1081, tracks_008.csv
X1082, tracks_008.csv
X1083, tracks_008.csv
X1084, tracks_008.csv
X1085, tracks_008.csv
X1086, tracks_008.csv
X1087, tracks_008.csv
X1088, tracks_008.csv
X1089, tracks_008.csv
X1090, tracks_008.csv
X1091, tracks_008.csv
X1092, tracks_008.csv
X1093, tracks_008.csv
X1094, tracks_008.csv
X1095, tracks_008.csv
X1096, tracks_008.csv
X1097, tracks_008.csv
X1098, tracks_008.csv
X1099, tracks_008.csv
X1100, tracks_008.csv
X1101, tracks_008.csv
X1102, tracks_008.csv
X1103, tracks_008.csv
X1104, tracks_008.csv
X1105, tracks_008.csv
X1106, tracks_008.csv
X1107, tracks_008.csv
X1108, tracks_008.csv
X1109, tracks_008.csv
X1110, tracks_008.csv
X1111, tracks_008.csv
X1112, tracks_008.csv
X1113, tracks_008.csv
X1114, tracks_008.csv
X1115, tracks_008.csv
X1116, tracks_008.csv
X1117, tracks_008.csv
X1118, tracks_008.csv
X1119, tracks_008.csv
X1120, tracks_008.csv
X1121, tracks_008.csv
X1122, tracks_008.csv
X1123, tracks_008.csv
X1124, tracks_008.csv
X1125, tracks_008.csv
X1126, tracks_008.csv
X1127, tracks_008.csv
X1128, tracks_008.csv
X1129, tracks_008.csv
X1130, tracks_008.csv
X1131, tracks_008.csv
X1132, tracks_008.csv
X1133, tracks_008.csv
X1134, tracks_008.csv
X1135, tracks_008.csv
X1136, tracks_008.csv
X1137, tracks_008.csv
X1138, tracks_008.csv
X1139, tracks_008.csv
X1140, tracks_008.csv
X1141, tracks_008.csv
X1142, tracks_008.csv
X1143, tracks_008.csv
X1144, tracks_008.csv
X1145, tracks_008.csv
X1146, tracks_008.csv
X1147, tracks_008.csv
X1148, tracks_008.csv
X1149, tracks_008.csv
X1150, tracks_008.csv
X1151, tracks_008.csv
X1152, tracks_008.csv
X1153, tracks_008.csv
X1154, tracks_008.csv
X1155, tracks_008.csv
X1156, tracks_008.csv
X1157, tracks_010.csv
X1158, tracks_010.csv
X1159, tracks_010.csv
X1160, tracks_010.csv
X1161, tracks_010.csv
X1162, tracks_010.csv
X1163, tracks_010.csv
X1164, tracks_010.csv
X1165, tracks_010.csv
X1166, tracks_010.csv
X1167, tracks_010.csv
X1168, tracks_010.csv
X1169, tracks_010.csv
X1170, tracks_010.csv
X1171, tracks_010.csv
X1172, tracks_010.csv
X1173, tracks_010.csv
X1174, tracks_010.csv
X1175, tracks_010.csv
X1176, tracks_010.csv
X1177, tracks_010.csv
X1178, tracks_010.csv
X1179, tracks_010.csv
X1180, tracks_010.csv
X1181, tracks_010.csv
X1182, tracks_010.csv
X1183, tracks_010.csv
X1184, tracks_010.csv
X1185, tracks_010.csv
X1186, tracks_010.csv
X1187, tracks_010.csv
X1188, tracks_010.csv
X1189, tracks_010.csv
X1190, tracks_010.csv
X1191, tracks_010.csv
X1192, tracks_010.csv
X1193, tracks_010.csv
X1194, tracks_010.csv
X1195, tracks_010.csv
X1196, tracks_010.csv
X1197, tracks_010.csv
X1198, tracks_010.csv
X1199, tracks_010.csv
X1200, tracks_010.csv
X1201, tracks_010.csv
X1202, tracks_010.csv
X1203, tracks_010.csv
X1204, tracks_010.csv
X1205, tracks_010.csv
X1206, tracks_010.csv
X1207, tracks_010.csv
X1208, tracks_010.csv
X1209, tracks_010.csv
X1210, tracks_010.csv
X1211, tracks_010.csv
X1212, tracks_010.csv
X1213, tracks_010.csv
X1214, tracks_010.csv
X1215, tracks_010.csv
X1216, tracks_010.csv
X1217, tracks_010.csv
X1218, tracks_010.csv
X1219, tracks_010.csv
X1220, tracks_010.csv
X1221, tracks_010.csv
X1222, tracks_010.csv
X1223, tracks_010.csv
X1224, tracks_010.csv
X1225, tracks_010.csv
X1226, tracks_010.csv
X1227, tracks_010.csv
X1228, tracks_010.csv
X1229, tracks_010.csv
X1230, tracks_010.csv
X1231, tracks_010.csv
X1232, tracks_010.csv
X1233, tracks_010.csv
X1234, tracks_010.csv
X1235, tracks_010.csv
X1236, tracks_010.csv
X1237, tracks_010.csv
X1238, tracks_010.csv
X1239, tracks_010.csv
X1240, tracks_010.csv
X1241, tracks_010.csv
X1242, tracks_010.csv
X1243, tracks_010.csv
X1244, tracks_010.csv
X1245, tracks_010.csv
X1246, tracks_010.csv
X1247, tracks_011.csv
X1248, tracks_011.csv
X1249, tracks_011.csv
X1250, tracks_011.csv
X1251, tracks_011.csv
X1252, tracks_011.csv
X1253, tracks_011.csv
X1254, tracks_011.csv
X1255, tracks_011.csv
X1256, tracks_011.csv
X1257, tracks_011.csv
X1258, tracks_011.csv
X1259, tracks_011.csv
X1260, tracks_011.csv
X1261, tracks_011.csv
X1262, tracks_011.csv
X1263, tracks_011.csv
X1264, tracks_011.csv
X1265, tracks_011.csv
X1266, tracks_011.csv
X1267, tracks_011.csv
X1268, tracks_011.csv
X1269, tracks_011.csv
X1270, tracks_011.csv
X1271, tracks_011.csv
X1272, tracks_011.csv
X1273, tracks_011.csv
X1274, tracks_011.csv
X1275, tracks_011.csv
X1276, tracks_011.csv
X1277, tracks_011.csv
X1278, tracks_011.csv
X1279, tracks_011.csv
X1280, tracks_011.csv
X1281, tracks_011.csv
X1282, tracks_011.csv
X1283, tracks_011.csv
X1284, tracks_011.csv
X1285, tracks_011.csv
X1286, tracks_011.csv
X1287, tracks_011.csv
X1288, tracks_011.csv
X1289, tracks_011.csv
X1290, tracks_011.csv
X1291, tracks_011.csv
X1292, tracks_011.csv
X1293, tracks_011.csv
X1294, tracks_011.csv
X1295, tracks_011.csv
X1296, tracks_011.csv
X1297, tracks_011.csv
X1298, tracks_011.csv
X1299, tracks_011.csv
X1300, tracks_011.csv
X1301, tracks_011.csv
X1302, tracks_011.csv
X1303, tracks_011.csv
X1304, tracks_011.csv
X1305, tracks_011.csv
X1306, tracks_011.csv
X1307, tracks_011.csv
X1308, tracks_011.csv
X1309, tracks_011.csv
X1310, tracks_011.csv
X1311, tracks_011.csv
X1312, tracks_011.csv
X1313, tracks_011.csv
X1314, tracks_011.csv
X1315, tracks_011.csv
X1316, tracks_011.csv
X1317, tracks_011.csv
X1318, tracks_011.csv
X1319, tracks_011.csv
X1320, tracks_011.csv
X1321, tracks_011.csv
X1322, tracks_011.csv
X1323, tracks_011.csv
X1324, tracks_011.csv
X1325, tracks_011.csv
X1326, tracks_011.csv
X1327, tracks_011.csv
X1328, tracks_011.csv
X1329, tracks_011.csv
X1330, tracks_011.csv
X1331, tracks_011.csv
X1332, tracks_011.csv
X1333, tracks_011.csv
X1334, tracks_011.csv
X1335, tracks_011.csv
X1336, tracks_011.csv
X1337, tracks_011.csv
X1338, tracks_011.csv
X1339, tracks_011.csv
X1340, tracks_011.csv
X1341, tracks_011.csv
X1342, tracks_011.csv
X1343, tracks_011.csv
X1344, tracks_011.csv
X1345, tracks_011.csv
X1346, tracks_011.csv
X1347, tracks_011.csv
X1348, tracks_011.csv
X1349, tracks_011.csv
X1350, tracks_011.csv
X1351, tracks_011.csv
X1352, tracks_011.csv
X1353, tracks_011.csv
X1354, tracks_011.csv
X1355, tracks_011.csv
X1356, tracks_011.csv
X1357, tracks_011.csv
X1358, tracks_011.csv
X1359, tracks_011.csv
X1360, tracks_011.csv
X1361, tracks_011.csv
X1362, tracks_011.csv
X1363, tracks_011.csv
X1364, tracks_011.csv
X1365, tracks_011.csv
X1366, tracks_011.csv
X1367, tracks_011.csv
X1368, tracks_011.csv
X1369, tracks_011.csv
X1370, tracks_011.csv
X1371, tracks_011.csv
X1372, tracks_011.csv
X1373, tracks_011.csv
X1374, tracks_011.csv
X1375, tracks_011.csv
X1376, tracks_011.csv
X1377, tracks_011.csv
X1378, tracks_011.csv
X1379, tracks_011.csv
X1380, tracks_012.csv
X1381, tracks_012.csv
X1382, tracks_012.csv
X1383, tracks_012.csv
X1384, tracks_012.csv
X1385, tracks_012.csv
X1386, tracks_012.csv
X1387, tracks_012.csv
X1388, tracks_012.csv
X1389, tracks_012.csv
X1390, tracks_012.csv
X1391, tracks_012.csv
X1392, tracks_012.csv
X1393, tracks_012.csv
X1394, tracks_012.csv
X1395, tracks_012.csv
X1396, tracks_012.csv
X1397, tracks_012.csv
X1398, tracks_012.csv
X1399, tracks_012.csv
X1400, tracks_012.csv
X1401, tracks_012.csv
X1402, tracks_012.csv
X1403, tracks_012.csv
X1404, tracks_012.csv
X1405, tracks_012.csv
X1406, tracks_012.csv
X1407, tracks_012.csv
X1408, tracks_012.csv
X1409, tracks_012.csv
X1410, tracks_012.csv
X1411, tracks_012.csv
X1412, tracks_012.csv
X1413, tracks_012.csv
X1414, tracks_012.csv
X1415, tracks_012.csv
X1416, tracks_012.csv
X1417, tracks_012.csv
X1418, tracks_012.csv
X1419, tracks_012.csv
X1420, tracks_012.csv
X1421, tracks_012.csv
X1422, tracks_012.csv
X1423, tracks_012.csv
X1424, tracks_012.csv
X1425, tracks_012.csv
X1426, tracks_012.csv
X1427, tracks_012.csv
X1428, tracks_012.csv
X1429, tracks_012.csv
X1430, tracks_012.csv
X1431, tracks_012.csv
X1432, tracks_012.csv
X1433, tracks_012.csv
X1434, tracks_012.csv
X1435, tracks_012.csv
X1436, tracks_012.csv
X1437, tracks_012.csv
X1438, tracks_012.csv
X1439, tracks_012.csv
X1440, tracks_012.csv
X1441, tracks_012.csv
X1442, tracks_012.csv
X1443, tracks_012.csv
X1444, tracks_012.csv
X1445, tracks_012.csv
X1446, tracks_012.csv
X1447, tracks_012.csv
X1448, tracks_012.csv
X1449, tracks_012.csv
X1450, tracks_012.csv
X1451, tracks_012.csv
X1452, tracks_012.csv
X1453, tracks_012.csv
X1454, tracks_012.csv
X1455, tracks_012.csv
X1456, tracks_012.csv
X1457, tracks_012.csv
X1458, tracks_012.csv
X1459, tracks_012.csv
X1460, tracks_012.csv
X1461, tracks_012.csv
X1462, tracks_012.csv
X1463, tracks_012.csv
X1464, tracks_012.csv
X1465, tracks_012.csv
X1466, tracks_012.csv
X1467, tracks_012.csv
X1468, tracks_012.csv
X1469, tracks_012.csv
X1470, tracks_012.csv
X1471, tracks_012.csv
X1472, tracks_012.csv
X1473, tracks_012.csv
X1474, tracks_012.csv
X1475, tracks_012.csv
X1476, tracks_012.csv
X1477, tracks_012.csv
X1478, tracks_012.csv
X1479, tracks_012.csv
X1480, tracks_012.csv
X1481, tracks_012.csv
X1482, tracks_012.csv
X1483, tracks_012.csv
X1484, tracks_012.csv
X1485, tracks_012.csv
X1486, tracks_012.csv
X1487, tracks_012.csv
X1488, tracks_012.csv
X1489, tracks_012.csv
X1490, tracks_012.csv
X1491, tracks_012.csv
X1492, tracks_012.csv
X1493, tracks_012.csv
X1494, tracks_012.csv
X1495, tracks_012.csv
X1496, tracks_012.csv
X1497, tracks_012.csv
X1498, tracks_012.csv
X1499, tracks_012.csv
X1500, tracks_012.csv
X1501, tracks_012.csv
X1502, tracks_012.csv
X1503, tracks_012.csv
X1504, tracks_012.csv
X1505, tracks_012.csv
X1506, tracks_012.csv
X1507, tracks_012.csv
X1508, tracks_012.csv
X1509, tracks_012.csv
X1510, tracks_012.csv
X1511, tracks_012.csv
X1512, tracks_012.csv
X1513, tracks_012.csv
X1514, tracks_012.csv
X1515, tracks_012.csv
X1516, tracks_012.csv
X1517, tracks_012.csv
X1518, tracks_012.csv
X1519, tracks_012.csv
X1520, tracks_012.csv
X1521, tracks_012.csv
X1522, tracks_013.csv
X1523, tracks_013.csv
X1524, tracks_013.csv
X1525, tracks_013.csv
X1526, tracks_013.csv
X1527, tracks_013.csv
X1528, tracks_013.csv
X1529, tracks_013.csv
X1530, tracks_013.csv
X1531, tracks_013.csv
X1532, tracks_013.csv
X1533, tracks_013.csv
X1534, tracks_013.csv
X1535, tracks_013.csv
X1536, tracks_013.csv
X1537, tracks_013.csv
X1538, tracks_013.csv
X1539, tracks_013.csv
X1540, tracks_013.csv
X1541, tracks_013.csv
X1542, tracks_013.csv
X1543, tracks_013.csv
X1544, tracks_013.csv
X1545, tracks_013.csv
X1546, tracks_013.csv
X1547, tracks_013.csv
X1548, tracks_013.csv
X1549, tracks_013.csv
X1550, tracks_013.csv
X1551, tracks_013.csv
X1552, tracks_013.csv
X1553, tracks_013.csv
X1554, tracks_013.csv
X1555, tracks_013.csv
X1556, tracks_013.csv
X1557, tracks_013.csv
X1558, tracks_013.csv
X1559, tracks_013.csv
X1560, tracks_013.csv
X1561, tracks_013.csv
X1562, tracks_013.csv
X1563, tracks_013.csv
X1564, tracks_013.csv
X1565, tracks_013.csv
X1566, tracks_013.csv
X1567, tracks_013.csv
X1568, tracks_013.csv
X1569, tracks_013.csv
X1570, tracks_013.csv
X1571, tracks_013.csv
X1572, tracks_013.csv
X1573, tracks_013.csv
X1574, tracks_013.csv
X1575, tracks_013.csv
X1576, tracks_013.csv
X1577, tracks_013.csv
X1578, tracks_013.csv
X1579, tracks_013.csv
X1580, tracks_013.csv
X1581, tracks_013.csv
X1582, tracks_013.csv
X1583, tracks_013.csv
X1584, tracks_013.csv
X1585, tracks_013.csv
X1586, tracks_013.csv
X1587, tracks_013.csv
X1588, tracks_013.csv
X1589, tracks_013.csv
X1590, tracks_013.csv
X1591, tracks_013.csv
X1592, tracks_013.csv
X1593, tracks_013.csv
X1594, tracks_013.csv
X1595, tracks_013.csv
X1596, tracks_013.csv
X1597, tracks_013.csv
X1598, tracks_013.csv
X1599, tracks_013.csv
X1600, tracks_013.csv
X1601, tracks_013.csv
X1602, tracks_013.csv
X1603, tracks_013.csv
X1604, tracks_013.csv
X1605, tracks_013.csv
X1606, tracks_013.csv
X1607, tracks_013.csv
X1608, tracks_013.csv
X1609, tracks_013.csv
X1610, tracks_013.csv
X1611, tracks_013.csv
X1612, tracks_013.csv
X1613, tracks_013.csv
X1614, tracks_013.csv
X1615, tracks_013.csv
X1616, tracks_013.csv
X1617, tracks_013.csv
X1618, tracks_013.csv
X1619, tracks_013.csv
X1620, tracks_013.csv
X1621, tracks_013.csv
X1622, tracks_013.csv
X1623, tracks_013.csv
X1624, tracks_013.csv
X1625, tracks_013.csv
X1626, tracks_013.csv
X1627, tracks_013.csv
X1628, tracks_013.csv
X1629, tracks_013.csv
X1630, tracks_013.csv
X1631, tracks_013.csv
X1632, tracks_013.csv
X1633, tracks_013.csv
X1634, tracks_013.csv
X1635, tracks_013.csv
X1636, tracks_013.csv
X1637, tracks_013.csv
X1638, tracks_013.csv
X1639, tracks_013.csv
X1640, tracks_013.csv
X1641, tracks_013.csv
X1642, tracks_013.csv
X1643, tracks_013.csv
X1644, tracks_013.csv
X1645, tracks_013.csv
X1646, tracks_013.csv
X1647, tracks_013.csv
X1648, tracks_013.csv
X1649, tracks_013.csv
X1650, tracks_013.csv
X1651, tracks_013.csv
X1652, tracks_013.csv
X1653, tracks_013.csv
X1654, tracks_013.csv
X1655, tracks_013.csv
X1656, tracks_013.csv
X1657, tracks_013.csv
X1658, tracks_013.csv
X1659, tracks_013.csv
X1660, tracks_013.csv
X1661, tracks_013.csv
X1662, tracks_013.csv
X1663, tracks_014.csv
X1664, tracks_014.csv
X1665, tracks_014.csv
X1666, tracks_014.csv
X1667, tracks_014.csv
X1668, tracks_014.csv
X1669, tracks_014.csv
X1670, tracks_014.csv
X1671, tracks_014.csv
X1672, tracks_014.csv
X1673, tracks_014.csv
X1674, tracks_014.csv
X1675, tracks_014.csv
X1676, tracks_014.csv
X1677, tracks_014.csv
X1678, tracks_014.csv
X1679, tracks_014.csv
X1680, tracks_014.csv
X1681, tracks_014.csv
X1682, tracks_014.csv
X1683, tracks_014.csv
X1684, tracks_014.csv
X1685, tracks_014.csv
X1686, tracks_014.csv
X1687, tracks_014.csv
X1688, tracks_014.csv
X1689, tracks_014.csv
X1690, tracks_014.csv
X1691, tracks_014.csv
X1692, tracks_014.csv
X1693, tracks_014.csv
X1694, tracks_014.csv
X1695, tracks_014.csv
X1696, tracks_014.csv
X1697, tracks_014.csv
X1698, tracks_014.csv
X1699, tracks_014.csv
X1700, tracks_014.csv
X1701, tracks_014.csv
X1702, tracks_014.csv
X1703, tracks_014.csv
X1704, tracks_014.csv
X1705, tracks_014.csv
X1706, tracks_014.csv
X1707, tracks_014.csv
X1708, tracks_014.csv
X1709, tracks_014.csv
X1710, tracks_014.csv
X1711, tracks_014.csv
X1712, tracks_014.csv
X1713, tracks_014.csv
X1714, tracks_014.csv
X1715, tracks_014.csv
X1716, tracks_014.csv
X1717, tracks_014.csv
X1718, tracks_014.csv
X1719, tracks_014.csv
X1720, tracks_014.csv
X1721, tracks_014.csv
X1722, tracks_014.csv
X1723, tracks_014.csv
X1724, tracks_014.csv
X1725, tracks_014.csv
X1726, tracks_014.csv
X1727, tracks_014.csv
X1728, tracks_014.csv
X1729, tracks_014.csv
X1730, tracks_014.csv
X1731, tracks_014.csv
X1732, tracks_014.csv
X1733, tracks_014.csv
X1734, tracks_014.csv
X1735, tracks_014.csv
X1736, tracks_014.csv
X1737, tracks_014.csv
X1738, tracks_014.csv
X1739, tracks_014.csv
X1740, tracks_014.csv
X1741, tracks_014.csv
X1742, tracks_014.csv
X1743, tracks_014.csv
X1744, tracks_014.csv
X1745, tracks_014.csv
X1746, tracks_014.csv
X1747, tracks_014.csv
X1748, tracks_014.csv
X1749, tracks_014.csv
X1750, tracks_014.csv
X1751, tracks_014.csv
X1752, tracks_014.csv
X1753, tracks_014.csv
X1754, tracks_014.csv
X1755, tracks_014.csv
X1756, tracks_014.csv
X1757, tracks_014.csv
X1758, tracks_014.csv
X1759, tracks_014.csv
X1760, tracks_014.csv
X1761, tracks_014.csv
X1762, tracks_014.csv
X1763, tracks_014.csv
X1764, tracks_014.csv
X1765, tracks_014.csv
X1766, tracks_014.csv
X1767, tracks_014.csv
X1768, tracks_014.csv
X1769, tracks_014.csv
X1770, tracks_014.csv
X1771, tracks_014.csv
X1772, tracks_014.csv
X1773, tracks_014.csv
X1774, tracks_014.csv
X1775, tracks_014.csv
X1776, tracks_014.csv
X1777, tracks_014.csv
X1778, tracks_014.csv
X1779, tracks_014.csv
X1780, tracks_014.csv
X1781, tracks_014.csv
X1782, tracks_014.csv
X1783, tracks_014.csv
X1784, tracks_014.csv
X1785, tracks_014.csv
X1786, tracks_014.csv
X1787, tracks_014.csv
X1788, tracks_014.csv
X1789, tracks_014.csv
X1790, tracks_014.csv
X1791, tracks_014.csv
X1792, tracks_014.csv
X1793, tracks_014.csv
X1794, tracks_014.csv
X1795, tracks_014.csv
X1796, tracks_014.csv
X1797, tracks_014.csv
X1798, tracks_014.csv
X1799, tracks_014.csv
X1800, tracks_014.csv
X1801, tracks_014.csv
X1802, tracks_014.csv
X1803, tracks_014.csv
X1804, tracks_014.csv
X1805, tracks_014.csv
X1806, tracks_014.csv
X1807, tracks_016.csv
X1808, tracks_016.csv
X1809, tracks_016.csv
X1810, tracks_016.csv
X1811, tracks_016.csv
X1812, tracks_016.csv
X1813, tracks_016.csv
X1814, tracks_016.csv
X1815, tracks_016.csv
X1816, tracks_016.csv
X1817, tracks_016.csv
X1818, tracks_016.csv
X1819, tracks_016.csv
X1820, tracks_016.csv
X1821, tracks_016.csv
X1822, tracks_016.csv
X1823, tracks_016.csv
X1824, tracks_016.csv
X1825, tracks_016.csv
X1826, tracks_016.csv
X1827, tracks_016.csv
X1828, tracks_016.csv
X1829, tracks_016.csv
X1830, tracks_016.csv
X1831, tracks_016.csv
X1832, tracks_016.csv
X1833, tracks_016.csv
X1834, tracks_016.csv
X1835, tracks_016.csv
X1836, tracks_016.csv
X1837, tracks_016.csv
X1838, tracks_016.csv
X1839, tracks_016.csv
X1840, tracks_016.csv
X1841, tracks_016.csv
X1842, tracks_016.csv
X1843, tracks_016.csv
X1844, tracks_016.csv
X1845, tracks_016.csv
X1846, tracks_016.csv
X1847, tracks_016.csv
X1848, tracks_016.csv
X1849, tracks_016.csv
X1850, tracks_016.csv
X1851, tracks_016.csv
X1852, tracks_016.csv
X1853, tracks_016.csv
X1854, tracks_016.csv
X1855, tracks_016.csv
X1856, tracks_016.csv
X1857, tracks_016.csv
X1858, tracks_016.csv
X1859, tracks_016.csv
X1860, tracks_016.csv
X1861, tracks_016.csv
X1862, tracks_016.csv
X1863, tracks_016.csv
X1864, tracks_016.csv
X1865, tracks_016.csv
X1866, tracks_016.csv
X1867, tracks_016.csv
X1868, tracks_016.csv
X1869, tracks_016.csv
X1870, tracks_016.csv
X1871, tracks_016.csv
X1872, tracks_016.csv
X1873, tracks_016.csv
X1874, tracks_016.csv
X1875, tracks_016.csv
X1876, tracks_016.csv
X1877, tracks_016.csv
X1878, tracks_016.csv
X1879, tracks_016.csv
X1880, tracks_016.csv
X1881, tracks_016.csv
X1882, tracks_016.csv
X1883, tracks_016.csv
X1884, tracks_016.csv
X1885, tracks_016.csv
X1886, tracks_016.csv
X1887, tracks_016.csv
X1888, tracks_016.csv
X1889, tracks_016.csv
X1890, tracks_016.csv
X1891, tracks_016.csv
X1892, tracks_016.csv
X1893, tracks_016.csv
X1894, tracks_016.csv
X1895, tracks_016.csv
X1896, tracks_016.csv
X1897, tracks_016.csv
X1898, tracks_016.csv
X1899, tracks_016.csv
X1900, tracks_016.csv
X1901, tracks_016.csv
X1902, tracks_016.csv
X1903, tracks_016.csv
X1904, tracks_016.csv
X1905, tracks_016.csv
X1906, tracks_016.csv
X1907, tracks_016.csv
X1908, tracks_016.csv
X1909, tracks_016.csv
X1910, tracks_016.csv
X1911, tracks_016.csv
X1912, tracks_016.csv
X1913, tracks_016.csv
X1914, tracks_016.csv
X1915, tracks_016.csv
X1916, tracks_016.csv
X1917, tracks_016.csv
X1918, tracks_016.csv
X1919, tracks_016.csv
X1920, tracks_016.csv
X1921, tracks_016.csv
X1922, tracks_016.csv
X1923, tracks_016.csv
X1924, tracks_016.csv
X1925, tracks_016.csv
X1926, tracks_016.csv
X1927, tracks_016.csv
X1928, tracks_016.csv
X1929, tracks_017.csv
X1930, tracks_017.csv
X1931, tracks_017.csv
X1932, tracks_017.csv
X1933, tracks_017.csv
X1934, tracks_017.csv
X1935, tracks_017.csv
X1936, tracks_017.csv
X1937, tracks_017.csv
X1938, tracks_017.csv
X1939, tracks_017.csv
X1940, tracks_017.csv
X1941, tracks_017.csv
X1942, tracks_017.csv
X1943, tracks_017.csv
X1944, tracks_017.csv
X1945, tracks_017.csv
X1946, tracks_017.csv
X1947, tracks_017.csv
X1948, tracks_017.csv
X1949, tracks_017.csv
X1950, tracks_017.csv
X1951, tracks_017.csv
X1952, tracks_017.csv
X1953, tracks_017.csv
X1954, tracks_017.csv
X1955, tracks_017.csv
X1956, tracks_017.csv
X1957, tracks_017.csv
X1958, tracks_017.csv
X1959, tracks_017.csv
X1960, tracks_017.csv
X1961, tracks_017.csv
X1962, tracks_017.csv
X1963, tracks_017.csv
X1964, tracks_017.csv
X1965, tracks_017.csv
X1966, tracks_017.csv
X1967, tracks_017.csv
X1968, tracks_017.csv
X1969, tracks_017.csv
X1970, tracks_017.csv
X1971, tracks_017.csv
X1972, tracks_017.csv
X1973, tracks_017.csv
X1974, tracks_017.csv
X1975, tracks_017.csv
X1976, tracks_017.csv
X1977, tracks_017.csv
X1978, tracks_017.csv
X1979, tracks_017.csv
X1980, tracks_017.csv
X1981, tracks_017.csv
X1982, tracks_017.csv
X1983, tracks_017.csv
X1984, tracks_017.csv
X1985, tracks_017.csv
X1986, tracks_017.csv
X1987, tracks_017.csv
X1988, tracks_017.csv
X1989, tracks_017.csv
X1990, tracks_017.csv
X1991, tracks_017.csv
X1992, tracks_017.csv
X1993, tracks_017.csv
X1994, tracks_017.csv
X1995, tracks_017.csv
X1996, tracks_017.csv
X1997, tracks_017.csv
X1998, tracks_017.csv
X1999, tracks_017.csv
X2000, tracks_017.csv
X2001, tracks_017.csv
X2002, tracks_017.csv
X2003, tracks_017.csv
X2004, tracks_017.csv
X2005, tracks_017.csv
X2006, tracks_017.csv
X2007, tracks_017.csv
X2008, tracks_017.csv
X2009, tracks_017.csv
X2010, tracks_017.csv
X2011, tracks_017.csv
X2012, tracks_017.csv
X2013, tracks_017.csv
X2014, tracks_017.csv
X2015, tracks_017.csv
X2016, tracks_017.csv
X2017, tracks_017.csv
X2018, tracks_017.csv
X2019, tracks_017.csv
X2020, tracks_017.csv
X2021, tracks_017.csv
X2022, tracks_017.csv
X2023, tracks_017.csv
X2024, tracks_017.csv
X2025, tracks_017.csv
X2026, tracks_017.csv
X2027, tracks_017.csv
X2028, tracks_017.csv
X2029, tracks_017.csv
X2030, tracks_017.csv
X2031, tracks_017.csv
X2032, tracks_017.csv
X2033, tracks_018.csv
X2034, tracks_018.csv
X2035, tracks_018.csv
X2036, tracks_018.csv
X2037, tracks_018.csv
X2038, tracks_018.csv
X2039, tracks_018.csv
X2040, tracks_018.csv
X2041, tracks_018.csv
X2042, tracks_018.csv
X2043, tracks_018.csv
X2044, tracks_018.csv
X2045, tracks_018.csv
X2046, tracks_018.csv
X2047, tracks_018.csv
X2048, tracks_018.csv
X2049, tracks_018.csv
X2050, tracks_018.csv
X2051, tracks_018.csv
X2052, tracks_018.csv
X2053, tracks_018.csv
X2054, tracks_018.csv
X2055, tracks_018.csv
X2056, tracks_018.csv
X2057, tracks_018.csv
X2058, tracks_018.csv
X2059, tracks_018.csv
X2060, tracks_018.csv
X2061, tracks_018.csv
X2062, tracks_018.csv
X2063, tracks_018.csv
X2064, tracks_018.csv
X2065, tracks_018.csv
X2066, tracks_018.csv
X2067, tracks_018.csv
X2068, tracks_018.csv
X2069, tracks_018.csv
X2070, tracks_018.csv
X2071, tracks_018.csv
X2072, tracks_018.csv
X2073, tracks_018.csv
X2074, tracks_018.csv
X2075, tracks_018.csv
X2076, tracks_018.csv
X2077, tracks_018.csv
X2078, tracks_018.csv
X2079, tracks_018.csv
X2080, tracks_018.csv
X2081, tracks_018.csv
X2082, tracks_018.csv
X2083, tracks_018.csv
X2084, tracks_018.csv
X2085, tracks_018.csv
X2086, tracks_018.csv
X2087, tracks_018.csv
X2088, tracks_018.csv
X2089, tracks_018.csv
X2090, tracks_018.csv
X2091, tracks_018.csv
X2092, tracks_018.csv
X2093, tracks_018.csv
X2094, tracks_018.csv
X2095, tracks_018.csv
X2096, tracks_018.csv
X2097, tracks_018.csv
X2098, tracks_018.csv
X2099, tracks_018.csv
X2100, tracks_018.csv
X2101, tracks_018.csv
X2102, tracks_018.csv
X2103, tracks_018.csv
X2104, tracks_018.csv
X2105, tracks_018.csv
X2106, tracks_018.csv
X2107, tracks_018.csv
X2108, tracks_018.csv
X2109, tracks_018.csv
X2110, tracks_018.csv
X2111, tracks_018.csv
X2112, tracks_018.csv
X2113, tracks_018.csv
X2114, tracks_018.csv
X2115, tracks_018.csv
X2116, tracks_018.csv
X2117, tracks_018.csv
X2118, tracks_018.csv
X2119, tracks_018.csv
X2120, tracks_018.csv
X2121, tracks_018.csv
X2122, tracks_018.csv
X2123, tracks_018.csv
X2124, tracks_018.csv
X2125, tracks_018.csv
X2126, tracks_018.csv
X2127, tracks_018.csv
X2128, tracks_018.csv
X2129, tracks_018.csv
X2130, tracks_018.csv
X2131, tracks_018.csv
X2132, tracks_018.csv
X2133, tracks_018.csv
X2134, tracks_018.csv
X2135, tracks_018.csv
X2136, tracks_018.csv
X2137, tracks_018.csv
X2138, tracks_018.csv
X2139, tracks_018.csv
X2140, tracks_018.csv
X2141, tracks_018.csv
X2142, tracks_018.csv
X2143, tracks_018.csv
X2144, tracks_018.csv
X2145, tracks_018.csv
X2146, tracks_018.csv
X2147, tracks_018.csv
X2148, tracks_018.csv
X2149, tracks_018.csv
X2150, tracks_018.csv
X2151, tracks_018.csv
X2152, tracks_018.csv
X2153, tracks_018.csv
X2154, tracks_018.csv
X2155, tracks_018.csv
X2156, tracks_018.csv
X2157, tracks_018.csv
X2158, tracks_018.csv
X2159, tracks_018.csv
X2160, tracks_018.csv
X2161, tracks_018.csv
X2162, tracks_018.csv
X2163, tracks_018.csv
X2164, tracks_018.csv
X2165, tracks_018.csv
X2166, tracks_018.csv
X2167, tracks_018.csv
X2168, tracks_018.csv
X2169, tracks_018.csv
X2170, tracks_020.csv
X2171, tracks_020.csv
X2172, tracks_020.csv
X2173, tracks_020.csv
X2174, tracks_020.csv
X2175, tracks_020.csv
X2176, tracks_020.csv
X2177, tracks_020.csv
X2178, tracks_020.csv
X2179, tracks_020.csv
X2180, tracks_020.csv
X2181, tracks_020.csv
X2182, tracks_020.csv
X2183, tracks_020.csv
X2184, tracks_020.csv
X2185, tracks_020.csv
X2186, tracks_020.csv
X2187, tracks_020.csv
X2188, tracks_020.csv
X2189, tracks_020.csv
X2190, tracks_020.csv
X2191, tracks_020.csv
X2192, tracks_020.csv
X2193, tracks_020.csv
X2194, tracks_020.csv
X2195, tracks_020.csv
X2196, tracks_020.csv
X2197, tracks_020.csv
X2198, tracks_020.csv
X2199, tracks_020.csv
X2200, tracks_020.csv
X2201, tracks_020.csv
X2202, tracks_020.csv
X2203, tracks_020.csv
X2204, tracks_020.csv
X2205, tracks_020.csv
X2206, tracks_020.csv
X2207, tracks_020.csv
X2208, tracks_020.csv
X2209, tracks_020.csv
X2210, tracks_020.csv
X2211, tracks_020.csv
X2212, tracks_020.csv
X2213, tracks_020.csv
X2214, tracks_020.csv
X2215, tracks_020.csv
X2216, tracks_020.csv
X2217, tracks_020.csv
X2218, tracks_020.csv
X2219, tracks_020.csv
X2220, tracks_020.csv
X2221, tracks_020.csv
X2222, tracks_020.csv
X2223, tracks_020.csv
X2224, tracks_020.csv
X2225, tracks_020.csv
X2226, tracks_020.csv
X2227, tracks_020.csv
X2228, tracks_020.csv
X2229, tracks_020.csv
X2230, tracks_020.csv
X2231, tracks_020.csv
X2232, tracks_020.csv
X2233, tracks_020.csv
X2234, tracks_020.csv
X2235, tracks_020.csv
X2236, tracks_020.csv
X2237, tracks_020.csv
X2238, tracks_020.csv
X2239, tracks_020.csv
X2240, tracks_020.csv
X2241, tracks_020.csv
X2242, tracks_020.csv
X2243, tracks_020.csv
X2244, tracks_020.csv
X2245, tracks_020.csv
X2246, tracks_020.csv
X2247, tracks_020.csv
X2248, tracks_020.csv
X2249, tracks_020.csv
X2250, tracks_020.csv
X2251, tracks_020.csv
X2252, tracks_020.csv
X2253, tracks_020.csv
X2254, tracks_020.csv
X2255, tracks_020.csv
X2256, tracks_020.csv
X2257, tracks_020.csv
X2258, tracks_020.csv
X2259, tracks_020.csv
X2260, tracks_020.csv
X2261, tracks_020.csv
X2262, tracks_020.csv
X2263, tracks_020.csv
X2264, tracks_020.csv
X2265, tracks_020.csv
X2266, tracks_020.csv
X2267, tracks_020.csv
X2268, tracks_020.csv
X2269, tracks_020.csv
X2270, tracks_020.csv
X2271, tracks_020.csv
X2272, tracks_020.csv
X2273, tracks_020.csv
X2274, tracks_020.csv
X2275, tracks_020.csv
X2276, tracks_020.csv
X2277, tracks_020.csv
X2278, tracks_020.csv
X2279, tracks_020.csv
X2280, tracks_020.csv
X2281, tracks_020.csv
X2282, tracks_020.csv
X2283, tracks_020.csv
X2284, tracks_020.csv
X2285, tracks_020.csv
X2286, tracks_020.csv
X2287, tracks_020.csv
X2288, tracks_020.csv
X2289, tracks_020.csv
X2290, tracks_020.csv
X2291, tracks_020.csv
X2292, tracks_020.csv
X2293, tracks_020.csv
X2294, tracks_020.csv
X2295, tracks_020.csv
X2296, tracks_020.csv
X2297, tracks_020.csv
X2298, tracks_020.csv
X2299, tracks_020.csv
X2300, tracks_020.csv
X2301, tracks_020.csv
X2302, tracks_020.csv
X2303, tracks_020.csv
X2304, tracks_020.csv
X2305, tracks_020.csv
